Arboreal,Sprout,Vlandia,Ranged,,200,60,60,200,130,60,0,140,,5,26,12,,0,47,17,24,88,,73,92,42,92,105,94,,,,,,,,,61,90,93,79,1,40,,,,,,,,,,,Yes,,,,,,,,Yes,,,,,,
Aserai Archer,Aserai Recruit,Aserai,Ranged,,100,40,70,100,15,60,40,100,,4,21,7,,30,36,44,37,147,,60,92,30,92,103,92,,,,,,,,,56,88,93,73,1,40,,,,,,,,,,,Yes,,,,,,,,Yes,,,,,,
Aserai Armed Trader,Aserai Armed Trader,Aserai,Ranged,,120,120,120,0,30,60,60,90,,3,16,4,,0,12,2,15,29,,60,92,30,92,103,92,,,,,,,,,50,85,88,70,0,27,,,,,,,,,,,Yes,,,,,,,,Yes,,,,,,
Aserai Caravan Guard,Aserai Caravan Guard,Aserai,Cavalry,,100,45,45,100,15,60,100,60,,4,21,7,,5,14,13,18,50,,123,78,,,115,72,,72,85,36,91,115,87,,,,,,,,,56,54,10,0,15,,82,280,,Yes,,,,Yes,,,Yes,,,,Yes,,,
Aserai Caravan Master,Aserai Caravan Master,Aserai,Infantry,,130,80,130,80,20,60,60,130,,5,26,12,,2,32,22,18,74,,72,85,36,91,115,87,,,,,,,,,,,,,,,,,,,,,,,,,Yes,,,,,,,,,,,,,,
Aserai Faris,Aserai Youth,Aserai,Cavalry,,40,15,110,40,15,110,150,15,,4,21,7,,16,26,12,19,73,,,,37,84,179,72,,72,85,36,91,115,87,,121,,92,28,,5,,70,66,7,0,12,,82,280,,Yes,,,,,Yes,,Yes,,,Yes,Yes,,,
Aserai Footman,Aserai Recruit,Aserai,Infantry,,40,15,40,20,5,20,15,40,,3,16,4,,21,14,10,16,61,,,,31,84,152,63,,61,87,,,66,92,,,,,,,,,,,,,,,83,141,,,,Yes,,,Yes,,Yes,,,,,,,
Aserai Infantry,Aserai Recruit,Aserai,Infantry,,100,60,100,45,15,60,45,100,,4,21,7,,30,26,32,33,121,,,,35,82,186,64,,72,85,36,91,115,87,,89,,92,28,,5,,,,,,,,82,280,,Yes,,,,,Yes,,Yes,,,Yes,,,,
Aserai Mameluke Axeman,Aserai Recruit,Aserai,Infantry,,70,70,40,30,10,30,40,70,,3,16,4,,28,22,11,17,78,,99,90,,,95,81,,,,,,,,,,,,,,,,,,,,,,,,,,,,,Yes,,,,,,,,,,
Aserai Mameluke Cavalry,Aserai Recruit,Aserai,Horse Archer,,100,45,45,100,15,60,100,60,,4,21,7,,28,26,32,33,119,,72,85,36,91,115,87,,,,,,,,,62,87,91,76,4,23,,56,52,10,0,48,,82,280,,Yes,,,,,,,Yes,Yes,,,Yes,,,
Aserai Mameluke Guard,Aserai Recruit,Aserai,Infantry,,60,100,60,45,15,100,45,100,,4,21,7,,28,14,32,27,101,,123,78,,,115,72,,,,,,,,,70,,93,27,,3,,,,,,,,,,,,,,,Yes,,,,,,Yes,,,,
Aserai Mameluke Heavy Cavalry,Aserai Recruit,Aserai,Horse Archer,,130,60,60,130,20,80,130,80,,5,26,12,,42,53,36,40,171,,78,79,38,87,116,83,,,,,,,,,80,94,98,90,4,23,,70,66,7,0,60,,82,580,,Yes,,,,,,,Yes,Yes,,,Yes,,,
Aserai Mameluke Palace Guard,Aserai Recruit,Aserai,Infantry,,80,130,80,60,20,130,60,130,,5,26,12,,44,60,42,38,184,,123,78,,,115,72,,77,85,37,90,116,86,,70,,93,27,,3,,,,,,,,,,,Yes,,,,Yes,,,,,,Yes,,,,
Aserai Mameluke Regular,Aserai Recruit,Aserai,Cavalry,,70,30,40,30,10,70,70,40,,3,16,4,,28,22,11,17,78,,,,35,82,186,64,,61,84,32,90,116,85,,,,,,,,,56,54,10,0,12,,82,300,,Yes,,,,,Yes,,Yes,,,,Yes,,,
Aserai Mameluke Soldier,Aserai Recruit,Aserai,Infantry,,40,15,20,15,5,40,20,40,,2,11,2,,2,8,10,16,36,,,,29,89,141,76,,60,92,30,92,103,92,,,,,,,,,,,,,,,,,,Yes,,,,,Yes,,,,,,,,,
Aserai Master Archer,Aserai Recruit,Aserai,Ranged,,80,80,130,130,20,60,60,130,,5,26,12,,30,38,34,36,138,,72,85,36,91,115,87,,,,,,,,,62,89,94,78,4,46,,,,,,,,,,,Yes,,,,,,,,Yes,,,,,,
Aserai Militia Archer,Aserai Militia Archer,Aserai,Ranged,,20,20,10,40,40,35,0,40,,2,11,2,,6,3,2,13,24,,37,108,,,45,108,,,,,,,,,45,87,85,64,0,54,,,,,,,,,,,,,,Yes,,,,,Yes,,,,,,
Aserai Militia Spearman,Aserai Militia Spearman,Aserai,Infantry,,50,50,35,0,0,35,0,35,,2,11,2,,5,6,1,13,25,,,,29,89,141,76,,58,99,,,62,97,,,,,,,,,,,,,,,82,480,,,,,Yes,,Yes,,Yes,,,,,,,
Aserai Militia Veteran Archer,Aserai Militia Veteran Archer,Aserai,Ranged,,50,40,40,100,90,80,10,90,,4,21,7,,8,14,10,16,48,,61,84,32,90,116,85,,,,,,,,,54,89,94,73,0,54,,,,,,,,,,,Yes,,,,,,,,Yes,,,,,,
Aserai Militia Veteran Spearman,Aserai Militia Veteran Spearman,Aserai,Infantry,,100,100,80,20,20,80,20,70,,4,21,7,,21,12,10,16,59,,,,29,89,141,76,,71,90,,,74,87,,,,,,,,,,,,,,,82,480,,,,,Yes,,Yes,,Yes,,,,,,,
Aserai Recruit,Aserai Recruit,Aserai,Infantry,,20,10,20,10,0,5,5,20,,1,6,1,,2,3,2,14,21,,,,29,89,141,76,,,,,,,,,,,,,,,,,,,,,,,,,,,,,,Yes,,,,,,,,,
Aserai Skirmisher,Aserai Recruit,Aserai,Infantry,,70,30,70,40,10,40,30,70,,3,16,4,,8,32,22,19,81,,,,31,84,152,63,,60,92,30,92,103,92,,89,,92,28,,5,,,,,,,,82,480,,Yes,,,,,Yes,,Yes,,,Yes,,,,
Aserai Tribal Horseman,Aserai Youth,Aserai,Cavalry,,30,10,70,30,10,70,100,10,,3,16,4,,8,31,14,17,70,,,,31,84,152,63,,72,85,36,91,115,87,,,,,,,,,56,54,10,0,12,,82,280,,Yes,,,,,Yes,,Yes,,,,Yes,,,
Aserai Tribesman,Aserai Recruit,Aserai,Infantry,,20,10,20,10,0,5,5,20,,2,11,2,,16,5,10,14,45,,,,29,89,141,76,,,,,,,,,,,,,,,,,,,,,,,,,,,,,,Yes,,,,,,,,,
Aserai Vanguard Faris,Aserai Youth,Aserai,Cavalry,,60,25,220,60,25,220,280,25,,6,31,20,,44,60,42,38,184,,,,36,85,170,69,,78,79,38,87,116,83,,121,,92,28,,5,,70,66,7,0,48,,82,280,,Yes,,,,,Yes,,Yes,,,Yes,Yes,,,
Aserai Veteran Caravan Guard,Aserai Veteran Caravan Guard,Aserai,Horse Archer,,130,60,60,130,20,80,130,80,,5,26,12,,18,34,8,24,84,,77,85,37,90,116,86,,,,,,,,,66,89,95,80,0,27,,70,66,7,0,60,,82,280,,Yes,,,,,,,Yes,Yes,,,Yes,,,
Aserai Veteran Faris,Aserai Youth,Aserai,Cavalry,,50,20,160,50,20,160,210,20,,5,26,12,,42,54,48,37,181,,,,37,84,179,72,,78,82,36,89,120,83,,121,,92,28,,5,,70,66,7,0,48,,82,280,,Yes,,,,,Yes,,Yes,,,Yes,Yes,,,
Aserai Veteran Infantry,Aserai Recruit,Aserai,Infantry,,130,80,130,80,20,60,60,130,,5,26,12,,18,56,40,28,142,,,,37,84,179,72,,78,79,38,87,116,83,,89,,92,28,,5,,,,,,,,82,280,,Yes,,,,,Yes,,Yes,,,Yes,,,,
Aserai Youth,Aserai Youth,Aserai,Cavalry,,20,5,40,20,5,60,40,5,,2,11,2,,6,3,10,15,34,,,,29,89,141,76,,61,84,32,90,116,85,,,,,,,,,56,54,10,0,12,,82,280,,Yes,,,,,Yes,,Yes,,,,Yes,,,
Battanian Armed Trader,Battanian Armed Trader,Battania,Ranged,,120,120,120,0,30,60,60,90,,3,16,4,,28,7,4,20,59,,62,96,,,65,94,,,,,,,,,50,85,88,70,0,27,,,,,,,,,,,,,,Yes,,,,,Yes,,,,,,
Battanian Caravan Guard,Battanian Caravan Guard,Battania,Cavalry,,100,45,100,60,15,60,100,45,,4,21,7,,24,36,18,29,107,,8,32,30,85,162,65,,70,94,,,62,94,,74,,93,27,,3,,56,44,10,50,30,,82,300,,,,,Yes,,Yes,,Yes,,,,Yes,,,
Battanian Caravan Master,Battanian Caravan Master,Battania,Infantry,,80,130,80,60,20,130,60,130,,5,26,12,,30,41,8,25,104,,57,103,41,93,79,104,,,,,,,,,,,,,,,,,,,,,,,,,Yes,,,,,,,,,,,,,,
Battanian Clan Warrior,Battanian Volunteer,Battania,Infantry,,40,15,40,15,5,20,20,40,,2,11,2,,24,16,8,14,62,,,,31,84,167,65,,66,82,34,85,92,87,,,,,,,,,,,,,,,,,,Yes,,,,,Yes,,,,,,,,,
Battanian Falxman,Battanian Volunteer,Battania,Infantry,,60,100,45,60,15,100,45,100,,4,21,7,,30,11,10,20,71,,126,102,,,111,91,,,,,,,,,,,,,,,,,,,,,,,,,,Yes,,,,,,,,,,,,,
Battanian Fian,Battanian Highborn Youth,Battania,Ranged,,50,160,50,210,20,20,20,160,,5,26,12,,46,41,17,20,124,,126,102,,,111,91,,,,,,,,,72,88,94,82,3,64,,,,,,,,,,,,Yes,,,,,,,Yes,,,,,,
Battanian Fian Champion,Battanian Highborn Youth,Battania,Ranged,,60,220,60,280,25,25,25,220,,6,31,20,,48,49,12,21,130,,75,84,43,90,117,86,,,,,,,,,95,91,99,85,3,64,,,,,,,,,,,Yes,,,,,,,,Yes,,,,,,
Battanian Hero,Battanian Highborn Youth,Battania,Ranged,,40,110,40,150,15,15,15,110,,4,21,7,,44,48,21,24,137,,101,99,48,94,97,90,,,,,,,,,60,80,94,74,3,64,,,,,,,,,,,,Yes,,,,,,,Yes,,,,,,
Battanian Highborn Warrior,Battanian Highborn Youth,Battania,Ranged,,30,70,30,100,10,10,10,70,,3,16,4,,28,43,17,26,114,,95,97,39,94,96,89,,,,,,,,,60,80,94,74,1,40,,,,,,,,,,,,Yes,,,,,,,Yes,,,,,,
Battanian Highborn Youth,Battanian Highborn Youth,Battania,Ranged,,20,40,20,60,5,5,5,40,,2,11,2,,24,3,10,17,54,,95,97,39,94,96,89,,,,,,,,,42,86,83,65,1,40,,,,,,,,,,,,Yes,,,,,,,Yes,,,,,,
Battanian Horseman,Battanian Volunteer,Battania,Cavalry,,130,80,130,60,20,60,130,80,,5,26,12,,18,46,17,29,110,,,,32,78,235,50,,73,94,,,68,91,,,,,,,,,56,44,10,50,45,,82,520,,,,,Yes,,Yes,,Yes,,,,Yes,,,
Battanian Militia Archer,Battanian Militia Archer,Battania,Ranged,,20,20,10,40,40,35,0,40,,2,11,2,,6,4,1,15,26,,25,106,,,32,108,,,,,,,,,42,86,83,65,0,54,,,,,,,,,,,,,Yes,,,,,,Yes,,,,,,
Battanian Militia Spearman,Battanian Militia Spearman,Battania,Infantry,,50,50,35,0,0,35,0,35,,2,11,2,,16,3,10,20,49,,,,24,82,173,60,,66,82,34,85,92,87,,,,,,,,,,,,,,,82,480,,Yes,,,,,Yes,,Yes,,,,,,,
Battanian Militia Veteran Archer,Battanian Militia Veteran Archer,Battania,Ranged,,50,40,40,100,90,80,10,90,,4,21,7,,6,37,8,24,75,,70,94,,,62,94,,,,,,,,,56,88,93,73,0,54,,,,,,,,,,,,,,Yes,,,,,Yes,,,,,,
Battanian Militia Veteran Spearman,Battanian Militia Veteran Spearman,Battania,Infantry,,100,100,80,20,20,80,20,70,,4,21,7,,30,42,17,29,118,,,,27,82,190,58,,70,94,,,62,94,,,,,,,,,,,,,,,82,480,,,,,Yes,,Yes,,Yes,,,,,,,
Battanian Mounted Skirmisher,Battanian Volunteer,Battania,Cavalry,,130,80,130,60,20,60,130,80,,5,26,12,,24,12,10,22,68,,75,84,43,90,117,86,,,,,,,,,117,,92,28,,5,,73,48,11,40,45,,82,520,,Yes,,,,,,,Yes,,,Yes,Yes,,,
Battanian Picked Warrior,Battanian Volunteer,Battania,Infantry,,40,110,40,150,15,15,15,110,,4,21,7,,32,44,17,22,115,,,,32,78,235,50,,75,84,43,90,117,86,,,,,,,,,,,,,,,82,520,,Yes,,,,,Yes,,Yes,,,,,,,
Battanian Raider,Battanian Volunteer,Battania,Infantry,,70,40,30,40,10,70,30,70,,3,16,4,,28,17,13,22,80,,,,26,79,196,54,,62,96,,,65,94,,74,,93,27,,3,,,,,,,,,,,,,,Yes,,Yes,,,,,Yes,,,,
Battanian Scout,Battanian Volunteer,Battania,Cavalry,,100,45,100,60,15,60,100,45,,4,21,7,,30,41,21,24,116,,,,22,83,156,63,,62,96,,,65,94,,,,,,,,,61,47,10,0,30,,82,300,,,,,Yes,,Yes,,Yes,,,,Yes,,,
Battanian Skirmisher,Battanian Volunteer,Battania,Infantry,,100,60,45,60,15,100,45,100,,3,16,4,,24,20,16,22,82,,,,26,79,196,54,,62,96,,,65,94,,70,,93,27,,3,,,,,,,,82,380,,,,,Yes,,Yes,,Yes,,,Yes,,,,
Battanian Trained Spearman,Battanian Volunteer,Battania,Infantry,,130,80,130,60,20,60,130,80,,5,26,12,,48,41,17,27,133,,,,32,78,235,50,,75,84,43,90,117,86,,,,,,,,,,,,,,,82,480,,Yes,,,,,Yes,,Yes,,,,,,,
Battanian Trained Warrior,Battanian Volunteer,Battania,Infantry,,70,40,70,30,10,30,40,70,,3,16,4,,28,23,13,22,86,,,,26,79,196,54,,71,86,41,89,96,89,,,,,,,,,,,,,,,82,320,,Yes,,,,,Yes,,Yes,,,,,,,
Battanian Veteran Caravan Guard,Battanian Veteran Caravan Guard,Battania,Cavalry,,130,80,130,60,20,60,130,80,,5,26,12,,30,42,17,27,116,,,,35,85,164,73,,75,84,43,90,117,86,,74,,93,27,,3,,56,44,10,50,30,,82,480,,Yes,,,,,Yes,,Yes,,,Yes,Yes,,,
Battanian Veteran Falxman,Battanian Volunteer,Battania,Infantry,,80,130,80,60,20,130,60,130,,5,26,12,,30,27,11,23,91,,169,69,,,203,59,,,,,,,,,70,,93,27,,9,,,,,,,,,,,,,,,,,Yes,,,,Yes,,,,
Battanian Veteran Skirmisher,Battanian Volunteer,Battania,Infantry,,80,130,80,60,20,130,60,130,,4,21,7,,30,50,21,22,123,,,,26,79,196,54,,71,86,41,89,96,89,,96,,92,29,,5,,,,,,,,86,330,,Yes,,,,,Yes,,Yes,,,Yes,,,,
Battanian Volunteer,Battanian Volunteer,Battania,Infantry,,20,10,20,5,0,10,5,20,,1,6,1,,0,3,1,15,19,,44,107,,,50,106,,,,,,,,,,,,,,,,,,,,,,,,,,,,Yes,,,,,,,,,,,
Battanian Wildling,Battanian Volunteer,Battania,Infantry,,130,80,80,60,20,130,60,130,,5,26,12,,30,56,22,31,139,,,,32,78,235,50,,73,94,,,68,91,,117,,92,28,,5,,,,,,,,86,330,,,,,Yes,,Yes,,Yes,,,Yes,,,,
Battanian Wood Runner,Battanian Volunteer,Battania,Infantry,,40,15,20,20,5,40,15,40,,2,11,2,,6,12,9,15,42,,62,96,,,65,94,,,,,,,,,67,,92,29,,4,,,,,,,,82,520,,,,,Yes,,,,Yes,,,Yes,,,,
Bedouin Rover,Bendouin Rover,Desert Bandits,Infantry,,30,10,40,20,0,0,20,20,,2,11,2,,,,,,,,,,,,,,,,,,,,,,,,,,,,,,,,,,,,,,,,Yes,,,Yes,,,,,,,,,"Can be upgraded into the Aserai Veteran Faris, Aserai Mameluke Heavy Cavalry and Aserai Master Archer Promotion Line with the Disciplinarian Perk from the Leadership Skill."
Beni Zilal Recruit,Beni Zilal Recruit,Aserai,Horse Archer,,40,20,0,40,35,20,40,20,,2,11,2,,6,16,3,17,42,,61,84,32,90,116,85,,,,,,,,,45,87,85,64,0,54,,56,54,10,0,9,,,,,Yes,,,,,,,,Yes,,,Yes,,,
Beni Zilal Royal Guard,Beni Zilal Recruit,Aserai,Horse Archer,,140,80,40,140,120,80,160,80,,5,26,12,,20,36,37,35,128,,78,79,38,87,116,83,,,,,,,,,62,89,94,78,1,40,,70,66,7,0,48,,,,,Yes,,,,,,,,Yes,,,Yes,,,
Beni Zilal Soldier,Beni Zilal Recruit,Aserai,Horse Archer,,70,40,20,70,50,40,80,40,,3,16,4,,8,16,17,19,60,,72,85,36,91,115,87,,,,,,,,,56,88,93,73,0,54,,70,66,7,0,15,,,,,Yes,,,,,,,,Yes,,,Yes,,,
Boar Champion,Boar Novice,Vlandia,Ranged,,200,120,120,40,130,40,0,120,,5,26,12,,27,32,35,33,127,,69,92,,,56,99,,,,,,,,,95,61,99,93,0,18,,,,,,,,82,500,,,,Yes,,,,,Yes,,Yes,,,,,
Boar Novice,Boar Novice,Vlandia,Ranged,,40,40,40,0,30,10,0,50,,1,6,1,,23,12,3,7,45,,57,92,35,93,103,92,,,,,,,,,75,62,95,77,0,18,,,,,,,,82,500,,Yes,,,,,,,Yes,,Yes,,,,,
Boar Veteran,Boar Novice,Vlandia,Ranged,,80,80,80,20,60,20,0,80,,3,16,4,,14,30,17,29,90,,63,85,26,85,71,83,,,,,,,,,89,60,98,87,0,18,,,,,,,,82,500,,,,Yes,,,,,Yes,,Yes,,,,,
Borrowed Troop,Borrowed Troop,Empire,Infantry,,30,30,30,0,0,30,0,25,,1,6,1,,0,4,1,5,10,,,,22,90,132,82,,,,,,,,,,,,,,,,,,,,,,,,,,,,,,Yes,,,,,,,,,
Brigand,Hillmen,Mountain Bandits,Infantry,,40,60,70,40,0,70,20,60,,3,16,4,,,,,,,,,,,,,,,,,,,,,,,,,,,,,,,,,,,,,,,,,,,Yes,,Yes,,,Yes,,,,Can be upgraded into the Vlandian Voulgier and Vlandian Pikeman Promotion Line.
Bushwacker,Bushwacker,Forest Bandits,Ranged,,20,15,20,40,0,20,30,40,,2,11,2,,,,,,,,,,,,,,,,,,,,,,,,,,,,,,,,,,,,,,Yes,,,,,,,,Yes,,,,,,Can be upgraded into the Battanian Fian Champion and Battanian Veteran Falxman Promotion Line with the Disciplinarian Perk from the Leadership Skill.
Champion Fighter,Champion Fighter,Empire,Infantry,,100,100,80,300,20,80,20,70,,4,21,7,,0,26,6,12,44,,58,103,41,92,66,104,,,,,,,,,,,,,,,,,,,,,,,,,Yes,,,,,,,,,,,,,,
Chosen Wolf,Young Wolf,Battania,Ranged,,180,80,60,180,30,80,0,140,,5,26,12,,16,44,21,14,95,,73,94,,,68,91,,,,,,,,,60,91,92,76,1,20,,,,,,,,82,480,,,,,Yes,,,,Yes,Yes,,,,,,
Desert Bandit Boss,Desert Bandit Boss,Desert Bandits,Infantry,,120,80,160,160,0,0,120,80,,5,26,12,,,,,,,,,,,,,,,,,,,,,,,,,,,,,,,,,,,,,,Yes,,,,,,,Yes,,,,,,,
Deserter,Deserter,Looters,Infantry,,40,10,20,15,0,30,30,40,,2,11,2,,,,,,,,,,,,,,,,,,,,,,,,,,,,,,,,,,,,,,Yes,,,,,,,,,,,,,,Can be upgraded into the Imperial Leagionary and Imperial Elite Menavliaton Promotion Line.
Expert Eleftheroi,Recruit Eleftheroi,Empire,Cavalry,,30,30,30,70,0,70,70,40,,3,16,4,,35,34,28,20,117,,,,40,86,225,48,,57,95,,,49,89,,,,,,,,,61,47,10,0,10,,,,,,,Yes,,,Yes,,,,,,Yes,,,
Expert Forester,Recruit Forester,Vakken,Ranged,,100,30,30,100,60,30,0,70,,3,16,4,,35,12,11,12,70,,70,94,,,62,94,,,,,,,,,52,89,95,71,0,54,,,,,,,,,,,,,,Yes,,,,,Yes,,,,,,
Expert Guardian,Guardian Recruit,Empire,Ranged,,100,30,30,100,10,30,0,70,,3,16,4,,10,16,11,11,48,,58,103,41,92,66,104,,,,,,,,,56,88,93,73,0,54,,,,,,,,,,,Yes,,,,,,,,Yes,,,,,,
Expert Oath Keeper,Oath Keeper Recruit,Empire,Infantry,,40,40,40,10,10,20,10,50,,3,16,4,,0,14,1,4,19,,70,88,40,90,94,91,,,,,,,,,,,,,,,,,,,,,,,,,Yes,,,,,,,,,,,,,,
Forest Bandit,Bushwacker,Forest Bandits,Ranged,,120,80,80,150,0,80,0,110,,4,21,7,,,,,,,,,,,,,,,,,,,,,,,,,,,,,,,,,,,,,,,,,Yes,,,,,Yes,,,,,,Can be upgraded into the Battanian Fian Champion and Battanian Veteran Falxman Promotion Line with the Disciplinarian Perk from the Leadership Skill.
Forest Bandit Boss,Forest Bandit Boss,Forest Bandits,Infantry,,120,160,80,160,0,80,0,120,,5,26,12,,,,,,,,,,,,,,,,,,,,,,,,,,,,,,,,,,,,,,,,,Yes,,,,Yes,,,,,,,
Freebooter,Bushwacker,Forest Bandits,Ranged,,70,70,30,70,0,40,0,50,,3,16,4,,,,,,,,,,,,,,,,,,,,,,,,,,,,,,,,,,,,,,Yes,,,,,,,,Yes,,,,,,Can be upgraded into the Battanian Fian Champion and Battanian Veteran Falxman Promotion Line with the Disciplinarian Perk from the Leadership Skill.
Ghilman,Koleman,Darshi,Cavalry,,90,20,90,0,0,0,100,60,,3,16,4,,28,32,14,18,92,,,,35,82,186,64,,72,85,36,91,115,87,,,,,,,,,56,54,10,0,48,,82,300,,Yes,,,,,Yes,,Yes,,,,Yes,,,
Ghulam,Koleman,Darshi,Cavalry,,180,40,180,20,20,20,200,80,,5,26,12,,28,36,14,36,114,,,,37,84,179,72,,69,87,,,67,95,,,,,,,,,56,54,10,0,48,,82,440,,,,Yes,,,Yes,,Yes,,,,Yes,,,
Guard,Guard,Aserai,Infantry,,50,50,50,50,50,50,20,70,,4,21,7,,28,28,4,20,80,,,,35,82,186,64,,,,,,,,,,,,,,,,,,,,,,,,,Yes,,,,,,,,,,,,,,
Guard,Guard,Empire,Infantry,,50,50,50,50,50,50,20,70,,4,21,7,,26,54,37,26,143,,,,24,83,175,63,,,,,,,,,,,,,,,,,,,,,,,,,Yes,,,,,,,,,,,,,,
Guardian Recruit,Guardian Recruit,Empire,Ranged,,50,10,10,50,0,10,0,50,,1,6,1,,0,8,3,6,17,,55,93,37,93,103,94,,,,,,,,,50,85,88,70,0,54,,,,,,,,,,,Yes,,,,,,,,Yes,,,,,,
Harami,Nomad Bandit,Desert Bandits,Cavalry,,100,80,120,40,0,100,80,100,,4,21,7,,,,,,,,,,,,,,,,,,,,,,,,,,,,,,,,,,,,,,Yes,,,,,Yes,,Yes,,,Yes,Yes,,,Can be upgraded into the Aserai Vanguard Faris Promotion Line with the Disciplinarian Perk from the Leadership Skill.
Hastati,Hastati,Empire,Infantry,,50,0,40,0,40,40,0,50,,2,11,2,,0,16,4,21,41,,61,88,40,89,93,89,,,,,,,,,60,,92,29,,4,,,,,,,,94,300,,Yes,,,,,,,Yes,,,Yes,,,"Capture then recruit from the ""Legion of the Betrayed"" clan. (Aserai Mercenary)",
Headman's Troop,Headman's Troop,Empire,Cavalry,,140,40,170,100,15,60,140,100,,4,21,7,,,,,,,,,,,,,,,,,,,,,,,,,,,,,,,,,,,,,,Yes,,,,,Yes,,,,,,Yes,,,
Hidden Hand,Hidden Pawn,Empire,Infantry,,70,30,30,40,10,100,20,70,,3,16,4,,14,26,19,16,75,,70,88,40,90,94,91,,,,,,,,,30,,95,32,,9,,,,,,,,,,,Yes,,,,,,,,,,Yes,,,,
Hidden Pawn,Hidden Pawn,Empire,Infantry,,40,20,10,10,0,50,0,50,,2,11,2,,3,14,13,8,38,,55,93,37,93,103,94,,,,,,,,,28,,95,32,,9,,,,,,,,,,,Yes,,,,,,,,,,Yes,,,,
Highwayman,Highwayman,Mountain Bandits,Cavalry,,100,100,110,80,0,120,120,100,,4,21,7,,,,,,,,,,,,,,,,,,,,,,,,,,,,,,,,,,,,,,,,,Yes,,Yes,,Yes,,,Yes,Yes,,,Can be upgraded into the Vlandian Banner Knight Promotion Line.
Hillmen,Hillmen,Mountain Bandits,Infantry,,40,20,40,20,0,15,15,40,,2,11,2,,,,,,,,,,,,,,,,,,,,,,,,,,,,,,,,,,,,,,Yes,,,,,,,,,,,,,,"Can be upgraded into the Vlandian Voulgier, Vlandian Pikeman, Vlandian Vanguard and Vlandian Sergeant Promotion Line."
Hired Blade,Watchman,Mercenary,Infantry,,120,120,120,0,30,60,60,90,,5,26,12,,13,34,10,14,71,,68,89,50,91,107,90,,,,,,,,,,,,,,,,,,,,,,82,480,,Yes,,,,,,,Yes,,,,,,,
Hired Crossbow,Watchman,Mercenary,Ranged,,60,60,60,120,130,120,20,90,,5,26,12,,26,34,10,14,84,,68,89,50,91,107,90,,,,,,,,,100,63,100,97,0,18,,,,,,,,82,480,,Yes,,,,,,,Yes,,Yes,,,,,
Imperial Archer,Imperial Recruit,Empire,Ranged,,40,15,20,15,20,40,5,40,,2,11,2,,0,8,3,17,28,,41,99,15,94,67,100,,,,,,,,,45,87,85,64,1,27,,,,,,,,,,,,,Yes,,,,,,Yes,,,,,,
Imperial Armed Trader,Imperial Armed Trader,Empire,Ranged,,120,120,120,0,30,60,60,90,,3,16,4,,14,8,3,16,41,,45,97,12,92,56,100,,,,,,,,,50,85,88,70,0,27,,,,,,,,,,,,,Yes,,,,,,Yes,,,,,,
Imperial Bucellarii,Imperial Recruit,Empire,Horse Archer,,130,60,80,130,80,60,120,130,,5,26,12,,32,70,44,36,182,,68,89,50,91,107,90,,,,,,,,,62,89,94,78,1,40,,66,44,12,90,15,,,,,Yes,,,,,,,,Yes,,,Yes,,,
Imperial Caravan Guard,Imperial Caravan Guard,Empire,Cavalry,,110,15,150,40,15,15,110,40,,4,21,7,,18,40,28,15,101,,,,35,82,186,64,,61,88,40,89,93,89,,,,,,,,,61,47,10,0,15,,82,250,,Yes,,,,,Yes,,Yes,,,,Yes,,,
Imperial Caravan Master,Imperial Caravan Master,Empire,Infantry,,130,80,130,60,60,80,20,130,,5,26,12,,2,54,28,15,99,,61,88,40,89,93,89,,,,,,,,,,,,,,,,,,,,,,,,,Yes,,,,,,,,,,,,,,
Imperial Cataphract,Imperial Vigla Recruit,Empire,Cavalry,,160,20,210,50,20,20,160,50,,5,26,12,,42,48,48,54,192,,,,40,86,225,48,,72,84,49,90,116,84,,,,,,,,,66,44,12,90,67,,82,300,,Yes,,,,,Yes,,Yes,,,,Yes,,,
Imperial Crossbowman,Imperial Recruit,Empire,Ranged,,60,100,60,100,45,45,15,100,,4,21,7,,34,32,8,26,100,,64,91,45,92,103,92,,,,,,,,,85,35,98,82,0,18,,,,,,,,,,,Yes,,,,,,,,,Yes,,,,,
Imperial Elite Cataphract,Imperial Vigla Recruit,Empire,Cavalry,,220,25,280,60,25,25,220,60,,6,31,20,,42,70,58,44,214,,,,40,86,225,48,,72,84,49,90,116,84,,,,,,,,,66,44,12,90,67,,82,300,,Yes,,,,,Yes,,Yes,,,,Yes,,,
Imperial Elite Menavliaton,Imperial Recruit,Empire,Infantry,,130,80,130,60,60,80,20,130,,5,26,12,,40,64,54,39,197,,39,48,42,87,150,75,,68,89,50,91,107,90,,,,,,,,,,,,,,,,,,Yes,,,,,Yes,,,,,,,,,
Imperial Equite,Imperial Vigla Recruit,Empire,Cavalry,,70,10,100,30,10,10,70,30,,3,16,4,,35,40,28,31,134,,,,26,79,196,54,,64,91,45,92,103,92,,,,,,,,,61,47,10,0,15,,103,280,,Yes,,,,,Yes,,Yes,,,,Yes,,,
Imperial Heavy Horseman,Imperial Vigla Recruit,Empire,Cavalry,,110,15,150,40,15,15,110,40,,4,21,7,,40,46,35,35,156,,,,32,78,235,50,,72,84,49,90,116,84,,,,,,,,,66,44,12,90,51,,82,480,,Yes,,,,,Yes,,Yes,,,,Yes,,,
Imperial Infantryman,Imperial Recruit,Empire,Infantry,,40,20,40,15,15,20,5,40,,2,11,2,,14,12,9,13,48,,61,88,40,89,93,89,,,,,,,,,,,,,,,,,,,,,,82,300,,Yes,,,,,,,Yes,,,,,,,
Imperial Legionary,Imperial Recruit,Empire,Infantry,,130,80,130,60,60,80,20,130,,5,26,12,,40,62,42,44,188,,,,37,90,114,83,,72,84,49,90,116,84,,,,,,,,,,,,,,,82,480,,Yes,,,,,Yes,,Yes,,,,,,,
Imperial Menavliaton,Imperial Recruit,Empire,Infantry,,100,60,100,45,45,60,15,100,,4,21,7,,25,44,38,24,131,,39,48,42,87,150,75,,68,89,50,91,107,90,,,,,,,,,,,,,,,,,,Yes,,,,,Yes,,,,,,,,,
Imperial Militia Archer,Imperial Militia Archer,Empire,Ranged,,20,20,10,40,40,35,0,40,,2,11,2,,0,3,1,14,18,,37,108,,,45,108,,,,,,,,,45,87,85,64,0,54,,,,,,,,,,,Yes,,,,,,,,Yes,,,,,,
Imperial Militia Spearman,Imperial Militia Spearman,Empire,Infantry,,50,50,35,0,0,35,0,35,,2,11,2,,0,10,3,14,27,,,,24,83,175,63,,59,97,,,65,95,,,,,,,,,,,,,,,82,300,,,,,Yes,,Yes,,Yes,,,,,,,
Imperial Militia Veteran Archer,Imperial Militia Veteran Archer,Empire,Ranged,,50,40,40,100,90,80,10,90,,4,21,7,,18,14,1,15,48,,64,91,45,92,103,92,,,,,,,,,56,88,93,73,0,54,,,,,,,,,,,Yes,,,,,,,,Yes,,,,,,
Imperial Militia Veteran Spearman,Imperial Militia Veteran Spearman,Empire,Infantry,,100,100,80,20,20,80,20,70,,4,21,7,,14,18,13,17,62,,,,26,79,196,54,,73,88,,,81,86,,,,,,,,,,,,,,,82,400,,,,,Yes,,Yes,,Yes,,,,,,,
Imperial Palatine Guard,Imperial Recruit,Empire,Ranged,,130,60,80,130,80,60,20,130,,5,26,12,,46,62,41,45,194,,68,89,50,91,107,90,,,,,,,,,56,88,93,73,3,24,,,,,,,,,,,Yes,,,,,,,,Yes,,,,,,
Imperial Recruit,Imperial Recruit,Empire,Infantry,,20,10,20,5,5,10,0,20,,1,6,1,,12,8,3,14,37,,61,88,40,89,93,89,,,,,,,,,,,,,,,,,,,,,,,,,Yes,,,,,,,,,,,,,,
Imperial Sergeant Crossbowman,Imperial Recruit,Empire,Ranged,,130,60,80,130,80,60,20,130,,5,26,12,,28,64,42,39,173,,72,84,49,90,116,84,,,,,,,,,93,62,99,90,0,18,,,,,,,,91,167,,Yes,,,,,,,Yes,,Yes,,,,,
Imperial Trained Archer,Imperial Recruit,Empire,Ranged,,70,40,30,70,30,40,10,70,,3,16,4,,12,10,17,6,45,,61,88,40,89,93,89,,,,,,,,,56,88,93,73,1,20,,,,,,,,,,,Yes,,,,,,,,Yes,,,,,,
Imperial Trained Infantryman,Imperial Recruit,Empire,Infantry,,70,40,70,30,30,40,10,70,,3,16,4,,29,32,24,23,108,,64,91,45,92,103,92,,,,,,,,,60,,92,29,,4,,,,,,,,82,300,,Yes,,,,,,,Yes,,,Yes,,,,
Imperial Veteran Archer,Imperial Recruit,Empire,Ranged,,60,100,60,100,45,45,15,100,,4,21,7,,34,26,24,24,108,,64,91,45,92,103,92,,,,,,,,,56,88,93,73,1,20,,,,,,,,,,,Yes,,,,,,,,Yes,,,,,,
Imperial Veteran Caravan Guard,Imperial Veteran Caravan Guard,Empire,Cavalry,,160,20,210,50,20,20,160,50,,5,26,12,,18,32,19,15,84,,,,32,78,235,50,,72,84,49,90,116,84,,,,,,,,,61,47,10,0,15,,94,300,,Yes,,,,,Yes,,Yes,,,,Yes,,,
Imperial Veteran Infantryman,Imperial Recruit,Empire,Infantry,,100,60,100,45,45,60,15,100,,4,21,7,,32,56,45,28,161,,,,26,79,196,54,,64,91,45,92,103,92,,,,,,,,,,,,,,,82,480,,Yes,,,,,Yes,,Yes,,,,,,,
Imperial Vigla Recruit,Imperial Vigla Recruit,Empire,Infantry,,60,5,40,20,5,5,40,20,,2,11,2,,29,17,35,18,99,,61,88,40,89,93,89,,,,22,83,156,63,,,,,,,,,,,,,,,103,280,,Yes,,,,,Yes,,Yes,,,,,,,
Jawwal Bedouin,Jawwal Recruit,Aserai,Cavalry,,25,25,25,20,20,20,60,90,,5,26,12,,6,3,2,6,17,,,,37,84,179,72,,80,83,38,87,104,82,,,,,,,,,56,54,10,0,9,,82,280,,Yes,,,,,Yes,,Yes,,,,Yes,,,
Jawwal Camel Rider,Jawwal Recruit,Aserai,Cavalry,,25,25,25,20,20,20,60,50,,3,16,4,,6,2,1,6,15,,,,27,82,190,58,,80,83,38,87,104,82,,,,,,,,,65,44,10,15,10,,82,300,,Yes,,,,,Yes,,Yes,,,,Yes,,,
Jawwal Recruit,Jawwal Recruit,Aserai,Infantry,,25,25,25,20,20,20,20,25,,1,6,1,,6,2,1,6,15,,,,29,89,141,76,,60,93,30,92,95,94,,,,,,,,,,,,,,,82,200,,,,,,,Yes,,Yes,,,,,,,
Karakhuzait Elder,Karakhuzait Nomad,Khuzait,Horse Archer,,100,20,100,200,120,40,200,60,,5,26,12,,26,36,38,26,126,,,,37,84,179,72,,74,92,38,90,93,88,,66,89,95,80,0,27,,55,60,20,70,21,,,,,Yes,,,,,Yes,,,Yes,,,Yes,,,
Karakhuzait Nomad,Karakhuzait Nomad,Khuzait,Horse Archer,,30,0,30,50,35,0,50,20,,2,11,2,,10,6,1,15,32,,,,29,89,141,76,,52,100,32,94,90,101,,46,86,80,68,0,27,,69,46,8,10,9,,,,,Yes,,,,,Yes,,,Yes,,,Yes,,,
Karakhuzait Rider,Karakhuzait Nomad,Khuzait,Horse Archer,,50,10,50,100,50,10,100,40,,3,16,4,,7,16,15,18,56,,,,35,82,186,64,,70,88,34,92,110,90,,62,87,91,76,0,27,,55,60,20,70,16,,,,,Yes,,,,,Yes,,,Yes,,,Yes,,,
Kern,Skene,Battania,Infantry,,90,20,90,0,60,0,100,60,,3,16,4,,24,40,20,26,110,,70,94,,,62,94,,,,,,,,,67,,92,29,,8,,,,,,,,89,320,,,,,Yes,,,,Yes,,,Yes,,,,
Khuzait Archer,Khuzait Nomad,Khuzait,Ranged,,90,45,45,110,15,60,60,100,,4,21,7,,26,43,14,23,106,,70,88,34,92,110,90,,,,,,,,,62,87,91,76,2,24,,,,,,,,,,,Yes,,,,,,,,Yes,,,,,,
Khuzait Armed Trader,Khuzait Armed Trader,Khuzait,Ranged,,120,120,120,0,30,60,60,90,,3,16,4,,0,6,2,15,23,,52,100,32,94,90,101,,,,,,,,,46,86,80,68,0,27,,,,,,,,,,,Yes,,,,,,,,Yes,,,,,,
Khuzait Caravan Guard,Khuzait Caravan Guard,Khuzait,Cavalry,,100,45,45,100,15,60,100,60,,4,21,7,,14,43,10,11,78,,,,31,84,152,63,,70,88,34,92,110,90,,,,,,,,,69,46,8,10,21,,82,250,,Yes,,,,,Yes,,Yes,,,,Yes,,,
Khuzait Caravan Master,Khuzait Caravan Master,Khuzait,Infantry,,130,60,130,80,20,60,80,130,,5,26,12,,24,33,28,18,103,,70,88,34,92,110,90,,,,,,,,,,,,,,,,,,,,,,,,,Yes,,,,,,,,,,,,,,
Khuzait Darkhan,Khuzait Nomad,Khuzait,Infantry,,130,60,130,80,20,60,80,130,,5,26,12,,48,52,37,25,162,,,,37,84,179,72,,74,86,36,90,112,88,,89,,92,28,,5,,,,,,,,82,300,,Yes,,,,,Yes,,Yes,,,Yes,,,,
Khuzait Footman,Khuzait Nomad,Khuzait,Infantry,,40,5,40,25,5,20,20,40,,2,11,2,,7,8,8,14,37,,49,85,15,89,72,90,,,,,,,,,,,,,,,,,,,,,,82,300,,,,Yes,,,,,,,,,,,,
Khuzait Heavy Horse Archer,Khuzait Nomad,Khuzait,Horse Archer,,130,60,80,130,20,60,130,80,,5,26,12,,45,52,36,24,157,,73,88,36,90,108,89,,,,,,,,,62,89,94,78,2,48,,78,50,9,50,37,,,,,Yes,,,,,,,,Yes,,,Yes,,,
Khuzait Heavy Lancer,Khuzait Nomad,Khuzait,Cavalry,,160,50,160,20,20,20,210,50,,5,26,12,,42,60,52,28,182,,,,34,83,193,64,,73,88,36,90,108,89,,,,,,,,,78,50,9,50,37,,82,300,,Yes,,,,,Yes,,Yes,,,,Yes,,,
Khuzait Horse Archer,Khuzait Nomad,Khuzait,Horse Archer,,100,45,45,100,15,60,100,60,,4,21,7,,28,36,18,19,101,,70,88,34,92,110,90,,,,,,,,,56,88,93,73,2,48,,78,50,9,50,37,,,,,Yes,,,,,,,,Yes,,,Yes,,,
Khuzait Horseman,Khuzait Nomad,Khuzait,Cavalry,,70,40,70,30,10,40,70,30,,3,16,4,,26,28,17,17,88,,,,31,84,152,63,,64,96,34,94,98,97,,,,,,,,,69,46,8,10,16,,82,440,,Yes,,,,,Yes,,Yes,,,,Yes,,,
Khuzait Hunter,Khuzait Nomad,Khuzait,Ranged,,70,30,40,70,10,30,40,70,,3,16,4,,14,15,13,17,59,,70,88,34,92,110,90,,,,,,,,,46,86,80,68,2,24,,,,,,,,,,,Yes,,,,,,,,Yes,,,,,,
Khuzait Khan's Guard,Khuzait Noble's Son,Khuzait,Horse Archer,,60,60,220,280,25,25,220,25,,6,31,20,,48,52,36,24,160,,40,43,25,84,145,73,,,,,,,,,80,94,98,90,2,24,,78,50,9,50,37,,,,,,,,,,,Yes,,Yes,,,Yes,,,
Khuzait Kheshig,Khuzait Noble's Son,Khuzait,Horse Archer,,50,50,160,210,20,20,160,20,,5,26,12,,38,60,46,28,172,,40,43,25,84,145,73,,,,,,,,,62,89,94,78,2,48,,78,50,9,50,37,,,,,,,,,,,Yes,,Yes,,,Yes,,,
Khuzait Lancer,Khuzait Nomad,Khuzait,Cavalry,,100,60,100,45,15,60,100,45,,4,21,7,,36,43,36,23,138,,,,27,82,189,60,,70,88,34,92,110,90,,,,,,,,,78,50,9,50,37,,82,300,,Yes,,,,,Yes,,Yes,,,,Yes,,,
Khuzait Marksman,Khuzait Nomad,Khuzait,Ranged,,80,60,130,130,20,60,80,130,,5,26,12,,49,52,36,24,161,,64,96,34,94,98,97,,,,,,,,,62,89,94,78,2,48,,,,,,,,,,,Yes,,,,,,,,Yes,,,,,,
Khuzait Militia Archer,Khuzait Militia Archer,Khuzait,Ranged,,20,20,10,40,40,35,0,40,,2,11,2,,14,6,0,13,33,,58,96,28,90,71,100,,,,,,,,,46,86,80,68,0,54,,,,,,,,,,,Yes,,,,,,,,Yes,,,,,,
Khuzait Militia Spearman,Khuzait Militia Spearman,Khuzait,Infantry,,50,50,35,0,0,35,0,35,,2,11,2,,7,6,0,13,26,,,,29,89,141,76,,59,97,,,65,95,,,,,,,,,,,,,,,82,480,,,,,Yes,,Yes,,Yes,,,,,,,
Khuzait Militia Veteran Archer,Khuzait Militia Veteran Archer,Khuzait,Infantry,,100,100,80,20,20,80,20,70,,4,21,7,,14,17,7,16,54,,64,96,34,94,98,97,,,,,,,,,62,87,91,76,0,54,,,,,,,,,,,Yes,,,,,Yes,,Yes,,,,,,,
Khuzait Militia Veteran Spearman,Khuzait Militia Veteran Archer,Khuzait,Ranged,,50,40,40,100,90,80,10,90,,4,21,7,,14,33,30,17,94,,,,35,82,186,64,,64,96,34,94,98,97,,,,,,,,,,,,,,,82,500,,Yes,,,,,,,,Yes,,,,,,
Khuzait Noble's Son,Khuzait Noble's Son,Khuzait,Horse Archer,,20,20,40,60,5,5,40,5,,2,11,2,,7,6,0,14,27,,52,100,32,94,90,101,,,,,,,,,46,86,80,68,2,24,,69,46,8,10,16,,,,,Yes,,,,,,,,Yes,,,Yes,,,
Khuzait Nomad,Khuzait Nomad,Khuzait,Infantry,,20,0,20,10,0,5,15,20,,1,6,1,,4,6,0,14,24,,52,100,32,94,90,101,,,,,,,,,,,,,,,,,,,,,,,,,Yes,,,,,,,,,,,,,,
Khuzait Qanqli,Khuzait Noble's Son,Khuzait,Horse Archer,,30,30,70,100,10,10,70,10,,3,16,4,,14,15,10,17,56,,,,29,89,141,76,,52,100,32,94,90,101,,46,86,80,68,2,24,,69,46,8,10,21,,,,,Yes,,,,,Yes,,,Yes,,,Yes,,,
Khuzait Raider,Khuzait Nomad,Khuzait,Horse Archer,,70,30,40,70,10,30,70,40,,3,16,4,,14,15,13,17,59,,,,31,84,152,63,,70,88,34,92,110,90,,62,87,91,76,2,24,,69,46,8,10,21,,,,,Yes,,,,,Yes,,,Yes,,,Yes,,,
Khuzait Spear Infantry,Khuzait Nomad,Khuzait,Infantry,,100,45,100,45,15,60,60,100,,4,21,7,,26,22,33,19,100,,,,31,84,152,63,,70,88,34,92,110,90,,89,,92,28,,5,,,,,,,,82,500,,Yes,,,,,Yes,,Yes,,,Yes,,,,
Khuzait Spearman,Khuzait Nomad,Khuzait,Infantry,,70,30,70,40,10,30,40,70,,3,16,4,,26,33,28,18,105,,,,31,84,152,63,,70,88,34,92,110,90,,,,,,,,,,,,,,,82,200,,Yes,,,,,Yes,,Yes,,,,,,,
Khuzait Torguud,Khuzait Noble's Son,Khuzait,Horse Archer,,40,40,110,150,15,15,110,15,,4,21,7,,28,36,18,18,100,,40,43,25,84,145,73,,,,,,,,,62,87,91,76,2,24,,78,50,9,50,37,,82,300,,,,,,,,Yes,Yes,Yes,,,Yes,,,
Khuzait Tribal Warrior,Khuzait Nomad,Khuzait,Horse Archer,,40,15,20,40,5,15,40,20,,2,11,2,,12,8,8,14,42,,52,100,32,94,90,101,,,,,,,,,46,86,80,68,2,24,,69,46,8,10,16,,,,,Yes,,,,,,,,Yes,,,Yes,,,
Khuzait Veteran Caravan Guard,Khuzait Veteran Caravan Guard,Khuzait,Horse Archer,,50,50,160,210,20,20,160,20,,5,26,12,,26,39,16,18,99,,71,85,,,68,92,,,,,,,,,62,87,91,76,0,27,,78,50,9,50,37,,82,300,,,,Yes,,,,,Yes,Yes,,,Yes,,,
Koleman,Koleman,Darshi,Cavalry,,50,10,40,0,0,0,50,30,,2,11,2,,8,10,2,14,34,,,,29,89,141,76,,60,93,30,92,95,94,,,,,,,,,56,54,10,0,12,,82,300,,,,,,,Yes,,Yes,,,,Yes,,,
Looter,Looter,Looters,Infantry,,40,20,30,20,0,40,0,30,,1,6,1,,,,,,,,,,,,,,,,,,,,,,,,,,,,,,,,,,,,,,,,Yes,,,,,,,,,,,,Can be upgraded into the Imperial Leagionary and Imperial Elite Menavliaton Promotion Line.
Marauder,Steppe Bandit,Steppe Bandits,Horse Archer,,70,40,80,80,0,40,100,40,,3,16,4,,,,,,,,,,,,,,,,,,,,,,,,,,,,,,,,,,,,,,Yes,,,,,Yes,,,Yes,,,Yes,,,Can be upgraded into the Khuzait Khan's Guard Promotion Line with the Disciplinarian Perk in the Leadership Skill.
Mercenary Cavalry,Watchman,Mercenary,Cavalry,,120,60,60,0,20,120,120,60,,5,26,12,,40,32,10,16,98,,72,84,49,90,116,84,,,,,,,,,,,,,,,,61,47,10,0,10,,82,480,,Yes,,,,,,,Yes,,,,,,,
Mercenary Crossbowman,Watchman,Mercenary,Ranged,,50,50,50,100,20,100,0,75,,4,21,7,,27,30,6,10,73,,74,88,42,89,102,89,,,,,,,,,93,62,99,90,0,18,,,,,,,,82,500,,Yes,,,,,,,Yes,,Yes,,,,,
Mercenary Guard,Watchman,Mercenary,Ranged,,80,80,80,0,10,40,40,60,,3,16,4,,0,8,10,5,23,,58,103,41,92,66,104,,,,,,,,,100,63,100,97,0,18,,,,,,,,82,500,,,,,,,,,Yes,,Yes,,,,,
Mercenary Horseman,Watchman,Mercenary,Cavalry,,100,60,100,0,10,50,100,50,,4,21,7,,13,30,8,14,65,,74,88,42,89,102,89,,,,,,,,,,,,,,,,61,47,10,0,10,,82,480,,Yes,,,,,,,Yes,,,,Yes,,,
Mercenary Scout,Watchman,Mercenary,Cavalry,,80,50,80,0,0,40,80,40,,3,16,4,,12,10,12,6,40,,70,88,40,90,94,91,,,,,,,,,,,,,,,,61,47,10,0,0,,,,,Yes,,,,,,,,,,,Yes,,,
Mercenary Swordsman,Watchman,Mercenary,Infantry,,100,100,100,0,20,50,50,75,,4,21,7,,22,30,8,14,74,,74,88,42,89,102,89,,,,,,,,,,,,,,,,,,,,,,82,480,,Yes,,,,,,,Yes,,,,,,,
Mountain Bandit Boss,Mountain Bandit Boss,Mountain Bandits,Infantry,,80,120,140,80,0,140,40,120,,5,26,12,,,,,,,,,,,,,,,,,,,,,,,,,,,,,,,,,,,,,,Yes,,,,,,,Yes,,,,,,,
Nomad Bandit,Nomad Bandit,Desert Bandits,Cavalry,,60,40,80,80,0,0,40,60,,3,16,4,,,,,,,,,,,,,,,,,,,,,,,,,,,,,,,,,,,,,,Yes,,,,,Yes,,,,,,Yes,,,Can be upgraded into the Aserai Vanguard Faris and Aserai Mameluke Heavy Cavalry Promotion Line with the Disciplinarian Perk from the Leadership Skill.
Oath Keeper Recruit,Oath Keeper Recruit,Empire,Infantry,,40,40,40,0,0,20,0,25,,1,6,1,,0,2,1,4,7,,53,98,32,94,90,96,,,,,,,,,,,,,,,,,,,,,,,,,Yes,,,,,,,,,,,,,,
Poacher,Poacher,Vlandia,Ranged,,20,20,10,40,40,35,0,40,,2,11,2,,,,,,,,,,,,,,,,,,,,,,,,,,,,,,,,,,,,,,,,,,,,,,Yes,,,,,,
Principes,Hastati,Empire,Infantry,,100,30,80,0,60,80,0,70,,3,16,4,,28,36,21,19,104,,64,91,45,92,103,92,,,,,,,,,96,,92,28,,5,,,,,,,,85,350,,Yes,,,,,,,Yes,,,Yes,,,"Capture then recruit from the ""Legion of the Betrayed"" clan. (Aserai Mercenary)",
Puppeteer,Hidden Pawn,Empire,Infantry,,180,60,60,80,30,200,40,100,,5,26,12,,34,34,30,34,132,,72,84,49,90,116,84,,,,,,,,,33,,95,32,,9,,,,,,,,,,,Yes,,,,,,,,,,Yes,,,,
Radagos's Raider,Radagos's Raider,Looters,Infantry,,40,20,30,20,0,40,0,30,,1,6,1,,,,,,,,,,,,,,,,,,,,,,,,,,,,,,,,,,,,,,,,Yes,,,,,,,,,,,,
Raider,Steppe Bandit,Steppe Bandits,Horse Archer,,110,50,100,100,0,60,100,60,,4,21,7,,,,,,,,,,,,,,,,,,,,,,,,,,,,,,,,,,,,,,Yes,,,,,Yes,,,Yes,,,Yes,,,Can be upgraded into the Khuzait Khan's Guard Promotion Line with the Disciplinarian Perk in the Leadership Skill.
Recruit Eleftheroi,Recruit Eleftheroi,Empire,Cavalry,,30,30,30,70,0,70,70,20,,1,6,1,,10,3,1,16,30,,,,40,86,225,48,,41,99,15,94,67,100,,,,,,,,,61,47,10,0,8,,,,,,,Yes,,,Yes,,,,,,Yes,,,
Recruit Forester,Recruit Forester,Vakken,Ranged,,50,10,10,50,30,10,0,50,,1,6,1,,10,2,1,11,24,,70,94,,,62,94,,,,,,,,,46,86,82,67,0,54,,,,,,,,,,,,,,,,,,,Yes,,,,,,
Redshank,Skene,Battania,Ranged,,180,40,180,20,130,20,200,80,,5,26,12,,30,48,35,32,145,,75,84,43,90,117,86,,,,,,,,,60,91,92,76,3,64,,,,,,,,,,,Yes,,,,,,,,Yes,,,,,,
Regular Fighter,Regular Fighter,Empire,Infantry,,50,50,35,300,0,35,0,35,,2,11,2,,0,14,4,10,28,,58,103,41,92,66,104,,,,,,,,,,,,,,,,,,,,,,,,,Yes,,,,,,,,,,,,,,
Sapling,Sprout,Vlandia,Ranged,,100,30,30,100,60,30,0,70,,3,16,4,,6,16,13,9,44,,84,70,,,111,76,,,,,,,,,60,80,94,74,0,54,,,,,,,,,,,Yes,,,,,,,,Yes,,,,,,
Sea Raider,Sea Raider,Sea Raiders,Infantry,,40,30,40,20,0,30,15,40,,2,11,2,,,,,,,,,,,,,,,,,,,,,,,,,,,,,,,,,,,,,,,,,Yes,,,,,,,,,,,Can be upgraded into the Sturgian Druzhinnik Champion Promotion Line with the Disciplinarian Perk in the Leadership Skill.
Sea Raider Boss,Sea Raider Boss,Sea Raiders,Infantry,,160,80,80,80,0,120,0,160,,5,26,12,,,,,,,,,,,,,,,,,,,,,,,,,,,,,,,,,,,,,,,,,Yes,,,,Yes,,,Yes,,,,
Sea Raider Chief,Sea Raider,Sea Raiders,Infantry,,160,80,40,80,0,120,110,40,,4,21,7,,,,,,,,,,,,,,,,,,,,,,,,,,,,,,,,,,,,,,Yes,,,,,,,Yes,,,,,,,Can be upgraded into the Sturgian Druzhinnik Champion Promotion Line with the Disciplinarian Perk in the Leadership Skill.
Sea Raider Warrior,Sea Raider,Sea Raiders,Infantry,,80,40,60,40,0,60,0,80,,3,16,4,,,,,,,,,,,,,,,,,,,,,,,,,,,,,,,,,,,,,,Yes,,,,,,,,,,Yes,,,,Can be upgraded into the Sturgian Druzhinnik Champion Promotion Line with the Disciplinarian Perk in the Leadership Skill.
Seasoned Wolf,Young Wolf,Battania,Ranged,,80,40,40,80,0,40,0,80,,3,16,4,,16,22,10,16,64,,59,97,,,65,95,,,,,,,,,60,80,94,74,1,20,,,,,,,,82,380,,,,,Yes,,,,Yes,Yes,,,,,,
Skene,Skene,Battania,Ranged,,50,10,40,0,40,0,50,30,,2,11,2,,16,16,13,22,67,,59,97,,,65,95,,,,,,,,,46,86,82,67,3,64,,,,,,,,,,,,,,,,,,,Yes,,,,,,
Skolder Recruit,Skolder Recruit,Nord,Infantry,,10,40,40,0,0,30,10,50,,2,11,2,,0,8,2,15,25,,,,24,82,173,60,,60,97,,,65,95,,74,,93,27,,3,,,,,,,,87,300,,,,,,,Yes,,Yes,,,Yes,,,,
Skolder Recruit,Skolder Recruit,Sturgia,Infantry,,40,10,50,10,0,30,0,40,,2,11,2,,0,14,4,9,27,,,,25,80,165,58,,,,,,,,,67,,92,29,,4,,,,,,,,87,300,,,,,,,Yes,,Yes,,,Yes,,,,
Skolder Veteran Brotva,Skolder Recruit,Nord,Infantry,,30,180,150,0,30,150,30,180,,5,26,12,,48,46,39,34,167,,,,35,85,164,73,,75,94,,,62,93,,70,,93,27,,3,,,,,,,,86,330,,,,,,,Yes,,Yes,,,Yes,,,,
Skolder Veteran Brotva,Skolder Recruit,Sturgia,Infantry,,160,40,200,40,30,140,0,140,,5,26,12,,34,32,31,27,124,,,,35,85,164,73,,,,,,,,,117,,92,28,,10,,,,,,,,86,330,,,,,,,Yes,,Yes,,,Yes,,,,
Skolder Warrior Brotva,Skolder Recruit,Nord,Infantry,,20,80,80,0,10,70,20,90,,3,16,4,,16,24,13,16,69,,8,32,30,85,162,65,,65,99,,,67,96,,70,,93,27,,3,,,,,,,,82,211,,,,,,,Yes,,Yes,,,Yes,,,,
Skolder Warrior Brotva,Skolder Recruit,Sturgia,Infantry,,80,20,100,20,10,70,0,70,,3,16,4,,22,16,4,27,69,,8,32,30,85,162,65,,,,,,,,,113,,92,28,,10,,,,,,,,82,211,,,,,,,Yes,,Yes,,,Yes,,,,
Sprout,Sprout,Vlandia,Ranged,,50,10,10,50,40,10,0,50,,2,11,2,,10,12,3,8,33,,58,96,28,90,71,100,,,,,,,,,45,87,85,64,0,54,,,,,,,,,,,Yes,,,,,,,,Yes,,,,,,
Steppe Bandit,Steppe Bandit,Steppe Bandits,Cavalry,,30,30,40,0,0,20,40,20,,2,11,2,,,,,,,,,,,,,,,,,,,,,,,,,,,,,,,,,,,,,,,,Yes,,,,,,,,,Yes,,,Can be upgraded into the Khuzait Khan's Guard Promotion Line with the Disciplinarian Perk in the Leadership Skill.
Steppe Bandit Boss,Steppe Bandit Boss,Steppe Bandits,Horse Archer,,120,80,160,0,0,120,160,80,,5,26,12,,,,,,,,,,,,,,,,,,,,,,,,,,,,,,,,,,,,,,,,,,,,Yes,,Yes,,,Yes,,,
Sturgian Archer,Sturgian Recruit,Sturgia,Ranged,,100,60,45,100,15,45,100,60,,4,21,7,,22,32,21,35,110,,60,97,,,65,95,,,,,,,,,52,89,95,71,1,40,,,,,,,,,,,,,,,,,,,Yes,,,,,,
Sturgian Armed Trader,Sturgian Armed Trader,Sturgia,Ranged,,120,120,120,0,30,60,60,90,,3,16,4,,0,12,2,14,28,,60,97,,,65,95,,,,,,,,,42,86,83,65,0,27,,,,,,,,,,,,,,Yes,,,,,Yes,,,,,,
Sturgian Berserker,Sturgian Recruit,Sturgia,Infantry,,100,100,60,45,15,60,45,100,,4,21,7,,22,35,20,35,112,,114,87,,,116,77,,69,93,42,92,100,95,,,,,,,,,,,,,,,,,,Yes,,,,Yes,,,,,,,,,,
Sturgian Brigand,Sturgian Recruit,Sturgia,Infantry,,70,40,30,40,10,70,30,70,,3,16,4,,17,10,2,13,42,,47,104,31,95,83,105,,,,,,,,,67,,92,29,,8,,,,,,,,94,300,,Yes,,,,,,,Yes,,,Yes,,,,
Sturgian Caravan Guard,Sturgian Caravan Guard,Sturgia,Cavalry,,150,15,40,110,15,15,110,40,,4,21,7,,13,34,21,22,90,,,,24,82,173,60,,48,92,,,54,96,,,,,,,,,62,44,10,20,22,,82,250,,,,Yes,,,Yes,,Yes,,,,Yes,,,
Sturgian Caravan Master,Sturgian Caravan Master,Sturgia,Infantry,,130,80,130,60,20,80,60,130,,5,26,12,,11,22,24,22,79,,84,70,,,111,76,,,,,,,,,,,,,,,,,,,,,,,,,Yes,,,,,,,,,,,,,,
Sturgian Druzhinnik,Sturgian Warrior Son,Sturgia,Cavalry,,210,20,50,160,20,20,160,50,,5,26,12,,42,44,36,38,160,,,,36,85,171,71,,75,94,,,62,93,,,,,,,,,74,54,9,10,60,,89,320,,,,,Yes,,Yes,,Yes,,,,Yes,,,
Sturgian Druzhinnik Champion,Sturgian Warrior Son,Sturgia,Cavalry,,280,25,60,220,25,25,220,60,,6,31,20,,42,60,36,38,176,,,,36,85,171,71,,63,100,42,94,89,98,,,,,,,,,74,54,9,10,60,,89,320,,Yes,,,,,Yes,,Yes,,,,Yes,,,
Sturgian Hardened Brigand,Sturgian Recruit,Sturgia,Cavalry,,60,100,45,45,15,100,100,60,,4,21,7,,17,28,11,27,83,,54,105,40,94,77,105,,,,,,,,,96,,92,29,,10,,62,44,10,20,22,,94,300,,Yes,,,,,,,Yes,,,Yes,Yes,,,
Sturgian Horse Raider,Sturgian Recruit,Sturgia,Cavalry,,130,60,80,60,20,130,130,80,,5,26,12,,36,31,24,28,119,,63,100,42,94,89,98,,,,,,,,,101,,92,28,,10,,74,54,9,10,10,,94,300,,Yes,,,,,,,Yes,,,Yes,Yes,,,
Sturgian Hunter,Sturgian Recruit,Sturgia,Ranged,,70,30,40,70,10,30,40,70,,3,16,4,,13,10,10,13,46,,60,97,,,65,95,,,,,,,,,46,86,82,67,1,40,,,,,,,,,,,,,,,,,,,Yes,,,,,,
Sturgian Militia Archer,Sturgian Militia Archer,Sturgia,Ranged,,20,20,10,40,40,35,0,40,,2,11,2,,10,8,1,16,35,,60,97,,,65,95,,,,,,,,,45,87,85,64,0,27,,,,,,,,,,,,,,Yes,,,,,Yes,,,,,,
Sturgian Militia Spearman,Sturgian Militia Spearman,Sturgia,Infantry,,50,50,35,0,0,35,0,35,,2,11,2,,17,34,19,29,99,,,,24,82,173,60,,60,97,,,65,95,,,,,,,,,,,,,,,82,211,,,,,Yes,,Yes,,Yes,,,,,,,
Sturgian Militia Veteran Archer,Sturgian Militia Veteran Archer,Sturgia,Ranged,,50,40,40,100,90,80,10,90,,4,21,7,,10,10,11,15,46,,65,99,,,67,96,,,,,,,,,52,89,95,71,0,27,,,,,,,,,,,,,,Yes,,,,,Yes,,,,,,
Sturgian Militia Veteran Spearman,Sturgian Militia Veteran Spearman,Sturgia,Infantry,,100,100,80,20,20,80,20,70,,4,21,7,,17,11,9,20,57,,8,32,30,85,162,65,,65,99,,,67,96,,,,,,,,,,,,,,,87,300,,,,,Yes,,Yes,,Yes,,,,,,,
Sturgian Recruit,Sturgian Recruit,Sturgia,Infantry,,20,10,20,5,0,10,5,20,,1,6,1,,11,8,2,15,36,,60,97,,,65,95,,,,,,,,,,,,,,,,,,,,,,,,,,,,Yes,,,,,,,,,,,
Sturgian Shock Troop,Sturgian Recruit,Sturgia,Infantry,,100,60,100,45,15,60,45,100,,5,26,12,,34,28,13,29,104,,155,62,41,90,205,52,,63,100,42,94,89,98,,,,,,,,,,,,,,,89,320,,Yes,,,,,Yes,,Yes,,,,,,,
Sturgian Soldier,Sturgian Recruit,Sturgia,Infantry,,70,40,70,30,10,40,30,70,,3,16,4,,16,12,2,12,42,,8,32,30,85,162,65,,65,99,,,67,96,,,,,,,,,,,,,,,89,320,,,,,Yes,,Yes,,Yes,,,,,,,
Sturgian Spearman,Sturgian Recruit,Sturgia,Infantry,,100,100,60,45,15,60,45,100,,4,21,7,,26,20,24,29,99,,8,32,30,85,162,65,,56,103,40,94,84,103,,,,,,,,,,,,,,,101,300,,Yes,,,,,Yes,,Yes,,,,,,,
Sturgian Ulfhednar,Sturgian Recruit,Sturgia,Infantry,,130,80,130,60,20,80,60,130,,5,26,12,,16,17,9,31,73,,114,87,,,116,77,,,,,,,,,70,,93,27,,3,,,,,,,,,,,,,,,Yes,,,,,,Yes,,,,
Sturgian Veteran Bowman,Sturgian Recruit,Sturgia,Ranged,,130,60,80,130,20,80,60,130,,5,26,12,,47,26,13,28,114,,56,103,40,94,84,103,,,,,,,,,56,88,93,73,1,40,,,,,,,,,,,Yes,,,,,,,,Yes,,,,,,
Sturgian Veteran Caravan Guard,Sturgian Veteran Caravan Guard,Sturgia,Cavalry,,210,20,50,160,20,20,160,50,,5,26,12,,17,30,13,18,78,,8,32,30,85,162,65,,57,95,,,49,89,,101,,92,28,,5,,69,46,8,10,21,,82,300,,,,Yes,,,Yes,,Yes,,,Yes,Yes,,,
Sturgian Veteran Warrior,Sturgian Recruit,Sturgia,Infantry,,130,80,130,60,20,80,60,130,,5,26,12,,50,48,36,36,170,,75,94,,,62,93,,,,,,,,,101,,92,28,,5,,,,,,,,86,330,,,,,Yes,,,,Yes,,,Yes,,,,
Sturgian Warrior,Sturgian Recruit,Sturgia,Infantry,,40,20,40,15,5,20,15,40,,2,11,2,,11,10,10,16,47,,47,104,31,95,83,105,,,,,,,,,,,,,,,,,,,,,,101,300,,Yes,,,,,,,Yes,,,,,,,
Sturgian Warrior Son,Sturgian Warrior Son,Sturgia,Infantry,,60,5,20,40,5,5,40,20,,2,11,2,,10,8,2,13,33,,47,104,31,95,83,105,,,,,,,,,,,,,,,,,,,,,,82,211,,Yes,,,,,,,Yes,,,,,,,
Sturgian Woodsman,Sturgian Recruit,Sturgia,Infantry,,40,15,20,20,5,40,15,40,,2,11,2,,11,6,1,16,34,,60,97,,,65,95,,,,,,,,,67,,92,29,,4,,,,,,,,,,,,,,Yes,,,,,,,Yes,,,,
Sword Sister,Sword Sister,Empire,Infantry,,100,100,80,300,20,80,20,70,,4,21,7,,0,26,6,12,44,,58,103,41,92,66,104,,,,,,,,,,,,,,,,,,,,,,,,,Yes,,,,,,,,,,,,,,
Triarii,Hastati,Empire,Infantry,,200,60,160,20,30,160,20,100,,5,26,12,,32,44,43,38,157,,,,37,90,114,83,,72,84,49,90,116,84,,,,,,,,,,,,,,,82,500,,Yes,,,,,Yes,,Yes,,,,,,"Capture then recruit from the ""Legion of the Betrayed"" clan. (Aserai Mercenary)",
Varyag,Sturgian Warrior Son,Sturgia,Infantry,,100,10,30,70,10,10,70,30,,3,16,4,,26,32,35,32,125,,65,99,,,67,96,,,,,,,,,70,,93,27,,3,,,,,,,,86,330,,,,,Yes,,,,Yes,,,,,,,
Varyag Veteran,Sturgian Warrior Son,Sturgia,Infantry,,150,15,40,110,15,15,110,40,,4,21,7,,36,34,30,32,132,,,,35,85,164,73,,69,93,42,92,100,95,,70,,93,27,,3,,,,,,,,86,330,,Yes,,,,,Yes,,Yes,,,Yes,,,,
Veteran Borrowed Troop,Borrowed Troop,Empire,Infantry,,50,50,50,0,0,50,0,35,,2,11,2,,0,8,3,6,17,,58,96,28,90,71,100,,,,,,,,,,,,,,,,,,,,,,82,300,,Yes,,,,,,,Yes,,,,,,,
Veteran Eleftheroi,Recruit Eleftheroi,Empire,Cavalry,,30,30,30,70,20,70,70,90,,5,26,12,,42,36,42,26,146,,,,40,86,225,48,,63,101,,,47,106,,,,,,,,,61,47,10,0,45,,,,,,,Yes,,,Yes,,,,,,Yes,,,
Veteran Fighter,Veteran Fighter,Empire,Infantry,,70,70,50,300,10,55,10,50,,3,16,4,,0,26,6,12,44,,58,103,41,92,66,104,,,,,,,,,,,,,,,,,,,,,,,,,Yes,,,,,,,,,,,,,,
Veteran Forester,Recruit Forester,Vakken,Ranged,,200,60,60,200,130,60,0,140,,5,26,12,,41,28,13,16,98,,72,95,,,70,92,,,,,,,,,72,88,94,82,1,40,,,,,,,,,,,,,,Yes,,,,,Yes,,,,,,
Veteran Guardian,Guardian Recruit,Empire,Ranged,,200,60,60,200,30,60,0,140,,5,26,12,,26,52,23,28,129,,74,88,42,89,102,89,,,,,,,,,61,90,93,79,1,40,,,,,,,,,,,Yes,,,,,,,,Yes,,,,,,
Veteran Oath Keeper,Oath Keeper Recruit,Empire,Infantry,,40,40,40,30,30,20,30,100,,5,26,12,,0,36,12,15,63,,74,88,42,89,102,89,,,,,,,,,,,,,,,,,,,,,,,,,Yes,,,,,,,,,,,,,,
Vlandian Armed Trader,Vlandian Armed Trader,Vlandia,Ranged,,120,120,120,0,30,60,60,90,,3,16,4,,0,14,4,21,39,,57,92,35,93,103,92,,,,,,,,,75,62,95,77,0,18,,,,,,,,,,,Yes,,,,,,,,,Yes,,,,,
Vlandian Banner Knight,Vlandian Squire,Vlandia,Cavalry,,220,60,280,25,25,25,220,60,,6,31,20,,40,49,48,37,174,,,,37,93,184,64,,76,86,42,90,113,87,,,,,,,,,68,52,12,40,66,,82,480,,Yes,,,,,Yes,,Yes,,,,Yes,,,
Vlandian Billman,Vlandian Recruit,Vlandia,Infantry,,90,60,100,15,45,45,60,110,,4,21,7,,17,32,15,20,84,,124,71,,,132,67,,65,94,41,92,97,93,,,,,,,,,,,,,,,,,,Yes,,,,,,,,,,,,,,
Vlandian Caravan Guard,Vlandian Caravan Guard,Vlandia,Cavalry,,110,40,150,15,15,15,110,40,,4,21,7,,13,30,17,26,86,,,,26,79,196,54,,65,94,41,92,97,93,,,,,,,,,55,48,12,0,10,,82,480,,Yes,,,,,Yes,,Yes,,,,Yes,,,
Vlandian Caravan Master,Vlandian Caravan Master,Vlandia,Infantry,,80,130,130,20,60,80,60,130,,5,26,12,,19,32,6,22,79,,65,94,41,92,97,93,,,,,,,,,,,,,,,,,,,,,,,,,Yes,,,,,,,,,,,,,,
Vlandian Champion,Vlandian Squire,Vlandia,Cavalry,,160,50,210,20,20,20,160,50,,5,26,12,,40,34,42,35,151,,,,37,93,184,64,,69,92,,,56,99,,,,,,,,,68,52,12,40,66,,82,480,,,,Yes,,,Yes,,Yes,,,,Yes,,,
Vlandian Crossbowman,Vlandian Recruit,Vlandia,Ranged,,70,30,40,10,70,30,40,70,,3,16,4,,25,8,12,16,61,,57,92,35,93,103,92,,,,,,,,,87,61,98,85,0,18,,,,,,,,,,,Yes,,,,,,,,,Yes,,,,,
Vlandian Footman,Vlandian Recruit,Vlandia,Infantry,,40,20,40,5,20,15,15,40,,2,11,2,,14,3,9,14,40,,,,22,83,156,63,,57,92,35,93,103,92,,,,,,,,,,,,,,,,,,,,,,,,,,,,,,,,
Vlandian Gallant,Vlandian Squire,Vlandia,Cavalry,,70,30,100,10,10,10,70,30,,3,16,4,,17,30,26,26,99,,,,29,82,199,59,,65,94,41,92,97,93,,,,,,,,,65,54,7,20,15,,82,300,,Yes,,,,,Yes,,Yes,,,,Yes,,,
Vlandian Hardened Crossbowman,Vlandian Recruit,Vlandia,Ranged,,100,45,45,15,100,60,60,100,,4,21,7,,21,32,22,26,101,,65,94,41,92,97,93,,,,,,,,,93,62,99,90,0,18,,,,,,,,82,500,,Yes,,,,,,,Yes,,Yes,,,,,
Vlandian Infantry,Vlandian Recruit,Vlandia,Infantry,,70,40,70,10,30,30,40,70,,3,16,4,,20,17,10,14,61,,,,26,79,196,54,,65,94,41,92,97,93,,,,,,,,,,,,,,,82,500,,Yes,,,,,Yes,,Yes,,,,,,,
Vlandian Knight,Vlandian Squire,Vlandia,Cavalry,,110,40,150,15,15,15,110,40,,4,21,7,,15,32,35,33,115,,,,37,93,184,64,,69,92,,,56,99,,,,,,,,,55,48,12,0,66,,82,300,,,,Yes,,,Yes,,Yes,,,,Yes,,,
Vlandian Levy Crossbowman,Vlandian Recruit,Vlandia,Ranged,,40,15,20,5,40,15,20,40,,2,11,2,,6,6,11,14,37,,57,92,35,93,103,92,,,,,,,,,75,62,95,77,0,18,,,,,,,,,,,Yes,,,,,,,,,Yes,,,,,
Vlandian Light Cavalry,Vlandian Recruit,Vlandia,Cavalry,,60,45,100,45,15,100,100,60,,4,21,7,,16,18,15,29,78,,,,32,78,235,50,,76,86,42,90,113,87,,,,,,,,,55,48,12,0,10,,103,280,,Yes,,,,,Yes,,Yes,,,,Yes,,,
Vlandian Militia Archer,Vlandian Militia Archer,Vlandia,Ranged,,20,20,10,40,40,35,0,40,,2,11,2,,12,5,1,5,23,,44,107,,,50,106,,,,,,,,,75,62,95,77,0,36,,,,,,,,,,,,,,,,,,,,Yes,,,,,
Vlandian Militia Spearman,Vlandian Militia Spearman,Vlandia,Infantry,,50,50,35,0,0,35,0,35,,2,11,2,,12,5,10,5,32,,,,22,83,156,63,,37,108,,,45,108,,,,,,,,,,,,,,,82,250,,,,,,,Yes,,Yes,,,,,,,
Vlandian Militia Veteran Archer,Vlandian Militia Veteran Archer,Vlandia,Ranged,,50,40,40,100,90,80,10,90,,4,21,7,,23,12,12,5,52,,57,92,35,93,103,92,,,,,,,,,85,35,98,82,0,36,,,,,,,,,,,Yes,,,,,,,,,Yes,,,,,
Vlandian Militia Veteran Spearman,Vlandian Militia Veteran Spearman,Vlandia,Infantry,,100,100,80,20,20,80,20,70,,4,21,7,,15,24,15,11,65,,,,26,79,196,54,,59,97,,,70,93,,,,,,,,,,,,,,,87,300,,,,,,,Yes,,Yes,,,,,,,
Vlandian Pikeman,Vlandian Recruit,Vlandia,Infantry,,80,130,130,20,60,80,60,130,,5,26,12,,35,24,37,34,130,,,,43,83,222,45,,76,86,42,90,113,87,,,,,,,,,,,,,,,,,,Yes,,,,,,,,,,,,,,
Vlandian Recruit,Vlandian Recruit,Vlandia,Infantry,,20,10,20,0,10,5,5,20,,1,6,1,,12,3,1,14,30,,,,22,83,156,63,,,,,,,,,,,,,,,,,,,,,,,,,,,,,,,,,,,,,,,
Vlandian Sergeant,Vlandian Recruit,Vlandia,Infantry,,130,80,130,20,60,80,130,60,,5,26,12,,42,50,44,34,170,,,,32,78,235,50,,69,92,,,56,99,,,,,,,,,,,,,,,82,480,,Yes,,,,,Yes,,,,,,,,,
Vlandian Sharpshooter,Vlandian Recruit,Vlandia,Ranged,,130,60,80,20,130,60,80,130,,5,26,12,,32,32,31,29,124,,76,86,42,90,113,87,,,,,,,,,100,63,100,97,0,18,,,,,,,,82,500,,Yes,,,,,,,Yes,,Yes,,,,,
Vlandian Spearman,Vlandian Recruit,Vlandia,Infantry,,70,40,70,10,30,30,40,70,,3,16,4,,18,15,18,14,65,,,,26,79,196,54,,65,94,41,92,97,93,,,,,,,,,,,,,,,82,500,,Yes,,,,,Yes,,Yes,,,,,,,
Vlandian Squire,Vlandian Squire,Vlandia,Cavalry,,40,20,60,5,5,5,40,20,,2,11,2,,14,2,1,17,34,,,,31,84,167,65,,45,97,12,92,56,100,,,,,,,,,55,48,12,0,10,,82,480,,,,Yes,,,Yes,,Yes,,,,Yes,,,
Vlandian Swordsman,Vlandian Recruit,Vlandia,Infantry,,100,100,60,15,45,60,45,100,,4,21,7,,22,30,24,33,109,,,,26,79,196,54,,73,92,42,92,105,94,,,,,,,,,,,,,,,82,480,,Yes,,,,,Yes,,Yes,,,,,,,
Vlandian Vanguard,Vlandian Recruit,Vlandia,Cavalry,,130,80,130,20,60,80,130,60,,5,26,12,,42,46,43,36,167,,,,37,93,184,64,,76,86,42,90,113,87,,,,,,,,,55,48,12,0,52,,82,480,,Yes,,,,,Yes,,Yes,,,,Yes,,,
Vlandian Veteran Caravan Guard,Vlandian Veteran Caravan Guard,Vlandia,Cavalry,,130,80,130,20,60,80,130,60,,5,26,12,,13,32,15,22,82,,,,32,78,235,50,,76,86,42,90,113,87,,,,,,,,,55,48,12,0,15,,82,480,,Yes,,,,,Yes,,Yes,,,,Yes,,,
Vlandian Voulgier,Vlandian Recruit,Vlandia,Infantry,,80,130,130,20,60,80,60,130,,5,26,12,,34,36,37,34,141,,35,32,36,87,143,66,,107,99,49,96,108,89,,64,,93,27,,3,,,,,,,,,,,,Yes,,,,,Yes,,,,,,,,
Watchman,Watchman,Mercenary,Infantry,,60,60,60,0,0,30,30,45,,2,11,2,,0,3,1,6,10,,55,93,37,93,103,94,,,,,,,,,,,,,,,,,,,,,,,,,Yes,,,,,,,,,,,,,,
Young Wolf,Young Wolf,Battania,Ranged,,40,20,10,40,0,20,0,50,,2,11,2,,16,1,11,12,40,,59,97,,,65,95,,,,,,,,,42,86,83,65,0,27,,,,,,,,82,480,,,,,Yes,,,,Yes,Yes,,,,,,
